,VaR_95_Historical,VaR_99_Historical,VaR_95_Parametric,CVaR_95,CVaR_99,Sharpe_Ratio,Max_Drawdown,Annualized_Return,Annualized_Volatility
TSLA,-5.166375515284558,-8.990644871169305,-5.744248244554701,-7.862087645673847,-12.499351214358382,0.7594581853138577,-1212.2793727357437,45.42388886743972,57.177458492325215
BND,-0.4756296851238705,-0.8615954073683463,-0.5424070181510581,-0.742878978692926,-1.305225778124388,0.004712771118004939,-154.468980994517,2.0250358082111997,5.312332719819861
SPY,-1.6650107736058317,-3.171250158924159,-1.7720357436640162,-2.682820868767489,-4.630522368350726,0.7041780844164695,-1241.1363088805,14.432022863795174,17.65465744946778
