,VaR_95_Historical,VaR_99_Historical,VaR_95_Parametric,CVaR_95,CVaR_99,Sharpe_Ratio,Max_Drawdown,Annualized_Return,Annualized_Volatility
TSLA,-5.166375515284558,-8.990644871169305,-5.744248244554701,-7.862087645673847,-12.499351214358382,0.7594581853138577,-1212.2793727357437,45.42388886743972,57.177458492325215
BND,-0.4756397365501984,-0.8616013094396515,-0.5424059275233024,-0.7428791832826921,-1.3052245669346036,0.004712569443815026,-154.47117864921228,2.0250346870455243,5.31232215121643
SPY,-1.6650081826905905,-3.171249915568218,-1.7720360464444394,-2.6828252117003863,-4.630527344620369,0.7041776072800963,-1241.5393507395763,14.432016321382282,17.654660121047097
