Asset,Weight,Weight_%
TSLA,0.27799965077239347,27.799965077239346
BND,0.0,0.0
SPY,0.7220003492276066,72.20003492276066
